{
    "train": {
        "accuracy": 9.367713427980009,
        "loss": 0.4579318073436114
    },
    "val": {
        "accuracy": 9.956549844270548,
        "loss": 0.7608540165866097
    },
    "step": 9
}
