step	accuracy
0	0.6107262533630448
1	1.6318395706770508
2	2.9723152790179137
3	3.419187948037376
4	4.1995706235928365
5	5.8508118908262015
6	6.482886398101027
7	7.731654661023113
8	8.985997517705327
9	9.367713427980009
